{"cameraMode":{"drawMode":0,"name":"Shaded","section":"Shading Mode"},"sceneLighting":false,"audioPlay":false,"sceneViewState":{"showFog":true,"showMaterialUpdate":false,"showSkybox":false,"showFlares":true,"showImageEffects":true,"showParticleSystems":true},"in2DMode":false,"pivot":{"x":-36.77579116821289,"y":-21.72833251953125,"z":-110.5804214477539},"rotation":{"x":-0.3686275780200958,"y":0.4462454617023468,"z":-0.20867274701595307,"w":-0.7883358597755432},"size":83.27301025390625,"orthographic":false}