{"cameraMode":{"drawMode":0,"name":"Shaded","section":"Shading Mode"},"sceneLighting":false,"audioPlay":false,"sceneViewState":{"showFog":true,"showMaterialUpdate":false,"showSkybox":false,"showFlares":true,"showImageEffects":true,"showParticleSystems":true},"in2DMode":false,"pivot":{"x":0.04066021740436554,"y":0.13606984913349152,"z":0.010804340243339539},"rotation":{"x":-0.16103340685367585,"y":0.6494283676147461,"z":-0.1441638171672821,"w":-0.7293321490287781},"size":0.3591447174549103,"orthographic":false}