{"cameraMode":{"drawMode":0,"name":"Shaded","section":"Shading Mode"},"sceneLighting":false,"audioPlay":false,"sceneViewState":{"showFog":true,"showMaterialUpdate":false,"showSkybox":false,"showFlares":true,"showImageEffects":true,"showParticleSystems":true},"in2DMode":false,"pivot":{"x":-12.712348937988282,"y":-21.548524856567384,"z":-102.84663391113281},"rotation":{"x":0.048508524894714358,"y":0.8130338788032532,"z":-0.5761471390724182,"w":0.06845702230930329},"size":74.24177551269531,"orthographic":false}