{"cameraMode":{"drawMode":0,"name":"Shaded","section":"Shading Mode"},"sceneLighting":false,"audioPlay":false,"sceneViewState":{"showFog":true,"showMaterialUpdate":false,"showSkybox":false,"showFlares":true,"showImageEffects":true,"showParticleSystems":true},"in2DMode":false,"pivot":{"x":-0.7320709824562073,"y":-0.18962223827838899,"z":-0.6435891389846802},"rotation":{"x":-0.23479852080345155,"y":-0.16244305670261384,"z":0.0392281673848629,"w":-0.9577803015708923},"size":1.4096348285675049,"orthographic":false}